date_of_sample  ,waterpoint_id,latitude,longitude,operational_feel_of_pump  ,time_to_pump_20_litres  ,number_of_strokes_to_yield_water  ,sediment_presence  ,electrical_conductivity_magnitude  ,electrical_conductivity_units  ,arsenic_magnitude  ,arsenic_units  ,ammonia_mg_per_l  ,fluoride_ppm  ,nitrate_mg_per_l  ,total_dissolved_solids_ppt  ,free_chlorine_mg_per_l  ,ph  ,temperature_magnitude  ,temperature_units  ,turbidity_tube_magnitude  ,turbidity_tube_units  ,comments  ,type_of_sample  ,ecoli_mpn_per_100ml  ,ecoli_upper_95ci_per_100ml  ,ecoli_health_risk_category  ,ecoli_image  
17/06/2019,79477116,-16.0008497,35.4369271,Normal/satisfactory ,39.941,1,Absent,176.4,μS / cm,5,ppb,0.15,0.2,0.5,0.8,0,6.4,24.6,C,5,NTU,NA,Point of collection,0,2.87,safe,https://api.mwater.co/v3/images/7fbb039ed2324a6da2a27168b59bcaa0
17/06/2019,12060128,-15.9998296,35.4429688,Normal/satisfactory ,37.851,1,Absent,215.7,μS / cm,0.5,ppb,2.4,0.2,0.5,0.1,0,6.2,25,C,5,NTU,NA,Point of collection,0,2.87,safe,https://api.mwater.co/v3/images/f9d763bd60374df48e921d0a77f595a9
17/06/2019,12079117,-15.9982659,35.4377155,Normal/satisfactory ,42.281,1,Absent,4630,μS / cm,10,ppb,0.15,2,0.5,0.22,0,6.18,25.1,C,5,NTU,The borehole is now ina very good condition and the borehole committee members are very happy with the performance.,Point of collection,0,2.87,safe,https://api.mwater.co/v3/images/fdaacc5054aa4bd6a90701d54e112196
04/07/2019,32157747,-15.9974091,35.4794194,Normal/satisfactory ,39.601,1,Absent,1293,μS / cm,5,ppb,0.15,0.2,0.5,0.05,0,6.9,24.6,C,25,NTU,NA,Point of collection,0,2.87,safe,https://api.mwater.co/v3/images/e0107d32d9d9428ca5e35f0ae957e85b
04/07/2019,12038709,-15.991943,35.4714701,Normal/satisfactory ,45.903,1,Absent,117.9,μS / cm,5,ppb,0.15,0.2,0.9,0.05,0,6.19,23.4,C,5,NTU,The borehole is now functioning satisfactorily. ,Point of collection,0,2.87,safe,https://api.mwater.co/v3/images/7427f37e58ae4aa0b6665bf8eaa7114a
19/06/2019,9945889,-15.9877575,35.4194589,Normal/satisfactory ,45.172,1,Absent,760,μS / cm,5,ppb,0.4,0.2,0.4,0.36,0,7,24.3,C,5,NTU,NA,Point of collection,0,2.87,safe,https://api.mwater.co/v3/images/5af4da21bc874b12afabebee7189112a
05/07/2019,12053681,-15.98694453,35.47318807,Normal/satisfactory ,44.871,1,Absent,132,μS / cm,5,ppb,0.05,2,1,0.06,0,7.01,30.1,C,5,NTU,The bolehole is functioning well,Point of collection,0,2.87,safe,https://api.mwater.co/v3/images/be1beacec47d4a80a6f795164fe9d760
14/06/2019,12053849,-15.9861527,35.4720534,Normal/satisfactory ,49.55,1,Absent,1423,μS / cm,5,ppb,0.2,0.1,0.1,1.1,0,6.4,24.2,C,100,NTU,NA,Point of collection,0,2.87,safe,https://api.mwater.co/v3/images/cace431c17cf421294fbc4d8c82a2e28
08/07/2019,19805012,-15.9846436,35.3693562,Normal/satisfactory ,52.45,1,Absent,725,μS / cm,5,ppb,0.25,0.1,0.8,0.24,0,7,30.5,C,5,NTU,NA,Point of collection,0,2.87,safe,https://api.mwater.co/v3/images/6d462ccd4c734cccbbe9e87da191862f
05/07/2019,12040650,-15.9842763,35.3526258,Normal/satisfactory ,54.64,1,Absent,655,μS / cm,5,ppb,0.25,0.2,0.6,0.31,0,6.78,25.2,C,5,NTU,NA,Point of collection,0,2.87,safe,https://api.mwater.co/v3/images/cef078ca272a46b4a8fa7b7a26a85018
22/02/2020,12059962,-15.9826327,35.4743632,Normal/satisfactory ,47.101,2,Absent,183.7,μS / cm,0,ppb,0.18,0.12,0.2,0.1,0,7.5,29.2,C,10,NTU,NA,Point of collection,100,9435.1,unsafe,https://api.mwater.co/v3/images/50650c5f6fd64e7fbcee51f21b8b8fcc
08/07/2019,19805029,-15.9821898,35.3669469,Normal/satisfactory ,52.971,2,Absent,628,μS / cm,5,ppb,0.25,0.1,0.2,0.15,0,6.9,29,C,5,NTU,NA,Point of collection,0,2.87,safe,https://api.mwater.co/v3/images/c32fc62afd79463682539e94090853c9
07/12/2019,12147870,-15.9800942,35.4725591,Normal/satisfactory ,43.81,2,Absent,226.2,μS / cm,0,ppb,0.4,0.11,0.7,0.11,0.2,6.7,29.5,C,5,NTU,NA,Point of collection,0,2.87,safe,https://api.mwater.co/v3/images/5eceaec4851e436d82591b38c028bfbf
22/02/2020,12147870,-15.9800808,35.4725613,Normal/satisfactory ,39.008,2,Absent,230.8,μS / cm,0,ppb,0.3,0.11,0.6,0.14,0.25,7.1,30,C,5,NTU,NA,Point of collection,0,2.87,safe,https://api.mwater.co/v3/images/bf344cf75b884125bd60cdac65b7b82a
13/06/2019,12147870,-15.9800783,35.4724958,Normal/satisfactory ,43.63,1,Absent,250.7,μS / cm,5,ppb,0.5,0.2,0.9,0.12,0.2,6.51,24.2,C,5,NTU,NA,Point of collection,0,2.87,safe,https://api.mwater.co/v3/images/7c7a1bf8eb83464884f2b946205a3d29
17/06/2019,20339852,-15.978805,35.388795,Normal/satisfactory ,56.387,1,Absent,332,μS / cm,5,ppb,4.2,0.2,0.1,0.08,0,7.7,24,C,5,NTU,NA,Point of collection,0,2.87,safe,https://api.mwater.co/v3/images/e8f51e4972fc4727b8df2ee5b9f7f5f0
03/07/2019,19803601,-15.9751865,35.3356779,Normal/satisfactory ,53.611,1,Absent,205,μS / cm,5,ppb,0.3,0.11,0.14,0.12,0,7.3,31,C,5,NTU,NA,Point of collection,0,2.87,safe,https://api.mwater.co/v3/images/7d576b0d83954423bd8cc14a4de60ac0
01/07/2019,3740882,-15.9751848,35.3139988,Normal/satisfactory ,48.35,2,Present,636,μS / cm,0,ppb,0.25,1.7,0.4,0.3,0.14,7.72,23.3,C,10,NTU,NA,Point of collection,0,2.87,safe,https://api.mwater.co/v3/images/5cdd5bab19e94a86810611614c505ebf
20/06/2019,19803838,-15.9745826,35.3522829,Normal/satisfactory ,45.407,1,Absent,7010,μS / cm,5,ppb,0.15,0.3,0.5,0.34,0,7.5,22.5,C,5,NTU,NA,Point of collection,0,2.87,safe,https://api.mwater.co/v3/images/17efcd01da9749b8a326659e3e65b874
02/07/2019,3740916,-15.9744103,35.315685,Normal/satisfactory ,55.802,2,Absent,205,μS / cm,5,ppb,0.25,0.2,0.3,0.1,0,7.74,28.6,C,5,NTU,NA,Point of collection,0,2.87,safe,https://api.mwater.co/v3/images/fb27c4b04b5f45b2a71a908015e0bef0
08/12/2019,3740916,-15.974396,35.315764,Normal/satisfactory ,46.84,2,Absent,200.1,μS / cm,0,ppb,0.5,0.1,0.3,0.1,0,7.1,32.4,C,5,NTU,NA,Point of collection,0,2.87,safe,https://api.mwater.co/v3/images/feb1e81adf3641c784f124731897684c
15/06/2019,42496166,-15.97428488,35.47432248,Normal/satisfactory ,43.653,2,Absent,287,μS / cm,5,ppb,0.05,2,0.4,0.13,0,7.36,26.1,C,5,NTU,NA,Point of collection,0,2.87,safe,https://api.mwater.co/v3/images/89b6af47f7704434b3733dee8dfeacd9
07/12/2019,30174210,-15.9733217,35.4703317,Normal/satisfactory ,51.57,2,Absent,141.2,μS / cm,0,ppb,0.2,0.07,0.12,0.07,0.9,6.6,29.4,C,10,NTU,The community thanked the initiative that has brought back to functionality their borehole which was declared non-functional for over a year ,Point of collection,0,2.87,safe,https://api.mwater.co/v3/images/e6ae2ec9f46c48e7b9b5d3007828a4bc
22/02/2020,30174210,-15.9732551,35.4703278,Normal/satisfactory ,47.433,2,Absent,149.1,μS / cm,0,ppb,0.2,0.12,0.3,0.12,9.5,7,29.7,C,10,NTU,NA,Point of collection,0,2.87,safe,https://api.mwater.co/v3/images/36d7dfdf5e234e50a646f9020e0aceab
15/12/2019,42435431,-15.9727146,35.3218361,Significant friction (very stiff) on down stroke,231.95,29,Absent,780,μS / cm,0,ppb,0.36,0.18,0.2,0.35,0,7.4,30,C,5,NTU,"The borehole was not rehabilitated neither was it chlorinated!

The problem associated  with this borehole seemed to be low water table. The communities reported that they access water normally from mid January thru to June.",Point of collection,0,2.87,safe,https://api.mwater.co/v3/images/e1aebe89a90049a5af1a962bf5caf505
02/07/2019,3741539,-15.971936,35.3285564,Normal/satisfactory ,51.82,2,Absent,355,μS / cm,5,ppb,0.2,0.14,0.2,0.17,0,7.08,32,C,5,NTU,NA,Point of collection,0,2.87,safe,https://api.mwater.co/v3/images/f663647d82d840f88ce9a81143cdeb88
12/12/2019,19803618,-15.9709775,35.342664,Normal/satisfactory ,56.529,3,Absent,189,μS / cm,0,ppb,0.3,0.1,0.12,0.11,0.09,6.7,28,C,5,NTU,NA,Point of collection,0,2.87,safe,https://api.mwater.co/v3/images/0ac2522d4e944df2863e65da61046bb4
01/07/2019,12070204,-15.9669979,35.3153684,Normal/satisfactory ,43.981,1,Absent,432,μS / cm,0,ppb,0.25,0.1,1.4,0.2,0.3,7.41,27.4,C,5,NTU,NA,Point of collection,0,2.87,safe,https://api.mwater.co/v3/images/46f92c85ad63417685a624324bfb3ca6
08/12/2019,71706423,-15.9669483,35.3678,Normal/satisfactory ,47.447,2,Absent,151.7,μS / cm,0,ppb,0.38,0.07,0.5,0.06,0,6.8,28.4,C,5,NTU,NA,Point of collection,0,2.87,safe,https://api.mwater.co/v3/images/1697c139f9b0459fbd89769833eaa375
17/06/2019,10046915,-15.9659428,35.4797398,Normal/satisfactory ,41.72,1,Absent,132.5,μS / cm,10,ppb,0.05,2.8,1.2,0.06,0,6.3,27.3,C,5,NTU,The community members were thankful for the work done. The water flow has significantly improved. ,Point of collection,0,2.87,safe,https://api.mwater.co/v3/images/ed188e3bd56649e78691022ea7177025
06/03/2020,19803632,-15.9656483,35.337735,Normal/satisfactory ,41.499,2,Absent,368,μS / cm,0,ppb,0.47,0.2,0.61,0.24,0.7,7,29,C,5,NTU,NA,Point of collection,0,2.87,safe,https://api.mwater.co/v3/images/63573900d635401fb4d87e0d370a76ce
03/07/2019,19803632,-15.9656042,35.3377248,Normal/satisfactory ,54.725,1,Absent,646,μS / cm,5,ppb,0.3,0.1,0.14,0.3,0,7.2,27.5,C,5,NTU,NA,Point of collection,0,2.87,safe,https://api.mwater.co/v3/images/e14e33fe73ec47e98fbcf3a6cf39bf46
22/02/2020,3636675,-15.9643939,35.4776871,Normal/satisfactory ,43.208,2,Absent,140.2,μS / cm,0,ppb,0.61,0.2,0.5,0.09,0.9,6.8,30.4,C,5,NTU,NA,Point of collection,0,2.87,safe,https://api.mwater.co/v3/images/966e6d52075f4273b45288d5e2eea8e4
04/12/2019,3636675,-15.9643845,35.4777492,Normal/satisfactory ,44.811,2,Absent,136.1,μS / cm,0,ppb,0.64,0.3,0.58,0.08,0.3,6,30,C,5,NTU,NA,Point of collection,0,2.87,safe,https://api.mwater.co/v3/images/b455ed0a2f864d30ab94c1ec833cfda2
15/06/2019,12076035,-15.96436362,35.47779609,"Normal/satisfactory , Very light",60.631,2,Absent,2020,μS / cm,5,ppb,0.05,2,0.45,0.12,0,6.28,24.1,C,5,NTU,NA,Point of collection,0,2.87,safe,https://api.mwater.co/v3/images/e4635aa6bc3a4aad84bd3756f901e37f
03/07/2019,8195676,-15.9643627,35.3383902,Normal/satisfactory ,52.881,2,Absent,453,μS / cm,5,ppb,0.25,0.12,0.13,0.1,0,7.07,30.2,C,5,NTU,NA,Point of collection,0,2.87,safe,https://api.mwater.co/v3/images/bde6e0579ce14d85b92590dd0c7dd14e
04/07/2019,12070259,-15.9642907,35.3903332,Normal/satisfactory ,54.37,2,Absent,246,μS / cm,5,ppb,0.24,0.1,0.1,0.12,0,7.3,29,C,5,NTU,NA,Point of collection,0,2.87,safe,https://api.mwater.co/v3/images/343e76fed6c0499f9d3bad0ad7f1c86a
15/06/2019,42496159,-15.96289035,35.48002673,Normal/satisfactory ,53.993,2,Absent,150.4,μS / cm,5,ppb,0.07,0.6,1.2,0.08,0,6.7,25.1,C,5,NTU,The bolehole is functioning well ,Point of collection,0,2.87,safe,https://api.mwater.co/v3/images/a1ba2b2cbd164c26882c86a537ceed02
15/12/2019,42496159,-15.9627233,35.480135,Very light,68.307,3,Absent,196.2,μS / cm,0,ppb,0.05,0.6,1.1,0.07,0,7.3,28.1,C,5,NTU,NA,Point of collection,0,2.87,safe,https://api.mwater.co/v3/images/4362ac2a7df943dcb4bbb9c2f3c9e71a
06/03/2020,12040650,-15.961407,35.3519181,Normal/satisfactory ,47.241,2,Absent,711,μS / cm,0,ppb,0.36,0.02,0.13,0.21,0.3,7.1,30,C,5,NTU,NA,Point of collection,0,2.87,safe,https://api.mwater.co/v3/images/c8555df45e2642dc8e58a2ed2a867b35
06/03/2020,19803663,-15.9603624,35.3459739,Normal/satisfactory ,52.851,2,Absent,4.95,μS / cm,0,ppb,0.25,0.3,0.91,0.24,0.1,6.8,29.5,C,5,NTU,NA,Point of collection,0,2.87,safe,https://api.mwater.co/v3/images/ec9b18bddf9b461bb7479b43b8840540
06/03/2020,8195683,-15.9603572,35.3387809,Normal/satisfactory ,53.46,325,Absent,325,μS / cm,0,ppb,0.54,0.21,0.11,0.14,0.95,6.56,31.2,C,5,NTU,NA,Point of collection,0,2.87,safe,https://api.mwater.co/v3/images/6a9ca2f928d447e88e560fd9c0977ccc
03/07/2019,8195683,-15.9603272,35.3387897,Normal/satisfactory ,53.08,1,Absent,225,μS / cm,5,ppb,0.26,0.1,0.2,0.13,0,6.8,28.5,C,5,NTU,NA,Point of collection,0,2.87,safe,https://api.mwater.co/v3/images/a41d20baf0f347e696fb6673c1324fe3
14/06/2019,19803663,-15.9603231,35.3460101,Normal/satisfactory ,50.155,1,Absent,386,μS / cm,5,ppb,0,0.15,1,0.19,0,7.16,32.1,C,5,NTU,NA,Point of collection,0,2.87,safe,https://api.mwater.co/v3/images/7d9f21c0ebac421e93e49565321b1dea
11/12/2019,71578583,-15.9598976,35.3672876,Normal/satisfactory ,71.475,2,Absent,351,μS / cm,0,ppb,0.29,0.07,0.1,0.23,1.3,6.7,29.6,C,5,NTU,NA,Point of collection,0,2.87,safe,https://api.mwater.co/v3/images/e562e08419d34ced943da6e5b29190a9
04/07/2019,71578583,-15.9598508,35.367208,Normal/satisfactory ,54.51,1,Absent,240,μS / cm,5,ppb,0.2,0.1,0.1,0.12,0,6.98,28,C,5,NTU,NA,Point of collection,0,2.87,safe,https://api.mwater.co/v3/images/1d0533d23f754696bcda2141afffcf24
11/12/2019,71504542,-15.958977,35.3738709,Normal/satisfactory ,67.981,3,Present,327,μS / cm,0,ppb,0.27,0.11,0.16,0.21,1.6,7.2,27,C,10,NTU,Sediments appear during rainy season,Point of collection,0,2.87,safe,https://api.mwater.co/v3/images/6ba8fb3cb6df4c07bfe817260161330f
04/07/2019,71578507,-15.9586445,35.371495,Normal/satisfactory ,50.6,1,Absent,425,μS / cm,5,ppb,0.18,0.1,0.1,0.2,0,7,30,C,5,NTU,NA,Point of collection,0,2.87,safe,https://api.mwater.co/v3/images/1034df93bbb8469da077665bb793c065
24/02/2020,15407829,-15.9585094,35.4190502,Normal/satisfactory ,56.461,2,Absent,149,μS / cm,0,ppb,0.37,0.08,0.7,0.1,0.3,7.3,30.2,C,50,NTU,NA,Point of collection,0,2.87,safe,https://api.mwater.co/v3/images/72ffcb93ad7e4b699050d926585bc123
18/06/2019,9939927,-15.95850875,35.41939238,Normal/satisfactory ,52.481,1,Absent,54.2,μS / cm,5,ppb,1,0.2,0.5,0.6,0,6.71,27.9,C,5,NTU,"The bolehole was functioning we did miner repairs
Note all committees were the same for the whole boreholes at fundi mosque ",Point of collection,0,2.87,safe,https://api.mwater.co/v3/images/927cd4b9722643a9a4bc226a21be8af3
28/06/2019,3740961,-15.9584858,35.3304613,Normal/satisfactory ,52.691,1,Absent,866,μS / cm,5,ppb,0.2,0.2,1.4,0.42,0,7.12,24.1,C,5,NTU,NA,Point of collection,0,2.87,safe,https://api.mwater.co/v3/images/da7bce1ef06141e2893ad923224f9256
05/12/2019,9939927,-15.9584433,35.4194083,Normal/satisfactory ,57.991,2,Present,78.7,μS / cm,0,ppb,0.06,0.2,0.7,0.04,0.1,7.6,27.2,C,25,NTU,NA,Point of collection,100,9435.1,unsafe,https://api.mwater.co/v3/images/f74cfa5c60e04301b7384b2829fbfcc8
05/12/2019,15407829,-15.9584248,35.4190088,Normal/satisfactory ,53.202,2,Present,130.1,μS / cm,0,ppb,0.3,0.03,0.65,0.06,0.15,7.58,33.2,C,50,NTU,NA,Point of collection,100,9435.1,unsafe,https://api.mwater.co/v3/images/38cd792a6a104026bad1454361838889
18/06/2019,15407836,-15.95834215,35.4188348,Normal/satisfactory ,54.964,1,Absent,327,μS / cm,5,ppb,0.45,0.2,0.2,0.06,0,6.8,27,C,10,NTU,The bolehole is functioning after some miner repairs we failed to chlorinate cause the grilled the headcase,Point of collection,0,2.87,safe,https://api.mwater.co/v3/images/39f81d7ac747451f90af3e2b369f1359
28/06/2019,3740947,-15.9583283,35.3269117,Normal/satisfactory ,49.837,1,Absent,736,μS / cm,5,ppb,1.5,0.1,2.2,0.36,0,7.3,29.4,C,5,NTU,NA,Point of collection,0,2.87,safe,https://api.mwater.co/v3/images/7fdbb60d0dea419dae39d0d6383c59e6
05/12/2019,15407836,-15.9583275,35.4188685,Normal/satisfactory ,60.221,2,Present,1070,μS / cm,0,ppb,0.4,0.5,0.2,0.53,0.47,7.3,32.7,C,50,NTU,NA,Point of collection,0,2.87,safe,https://api.mwater.co/v3/images/47ea7c828eed41be8f0d3fac74379ec5
14/06/2019,97165402,-15.9576357,35.3439379,Normal/satisfactory ,51.862,1,Absent,519,μS / cm,5,ppb,0.3,0.2,1.4,0.27,0,7,28.5,C,5,NTU,NA,Point of collection,0,2.87,safe,https://api.mwater.co/v3/images/2bb7ac150c43409386c08c60326fef16
27/06/2019,3741003,-15.9542867,35.3337827,Normal/satisfactory ,47.96,1,Absent,625,μS / cm,5,ppb,0.25,0.1,0.15,0.31,0,7.3,28.1,C,5,NTU,NA,Point of collection,0,2.87,safe,https://api.mwater.co/v3/images/7e4e2890ad4a4f44b06a5e7c01fbce0d
18/06/2019,32104093,-15.9536146,35.3469167,Normal/satisfactory ,56.921,1,Absent,570,μS / cm,5,ppb,0.42,0.2,0.2,0.29,0,7.32,25.4,C,5,NTU,NA,Point of collection,0,2.87,safe,https://api.mwater.co/v3/images/3004139008304336a54866ff4951f7f0
20/06/2019,9945755,-15.9492271,35.4043912,Normal/satisfactory ,41.541,1,Absent,780,μS / cm,5,ppb,15,0.4,1.6,0.62,0,7,24.8,C,5,NTU,The borehole is now functioning satisfactorily. The community has promised to mobilize the locals and resources to ensure the borehole is maintained timely whenever need arises. ,Point of collection,0,2.87,safe,https://api.mwater.co/v3/images/d5c97a2690154199b9860b7ac91f2c89
12/12/2019,9945755,-15.9492267,35.40443,Normal/satisfactory ,45.646,2,Absent,1232,μS / cm,0,ppb,0.2,0.62,0.14,0.62,2.7,7.2,29.1,C,5,NTU,NA,Point of collection,0,2.87,safe,https://api.mwater.co/v3/images/5eda2386e5d2451e8a23c38c9d319852
25/06/2019,12054709,-15.9483965,35.3393005,Normal/satisfactory ,47.953,1,Absent,711,μS / cm,5,ppb,0.44,0.1,1.4,0.34,0,7.6,27.5,C,5,NTU,NA,Point of collection,0,2.87,safe,https://api.mwater.co/v3/images/2dd4b3c0a313406bb50dc02a09a85923
08/03/2020,9945889,-15.9456717,35.3981483,Very light,99.881,9,Present,115,μS / cm,0,ppb,0.3,0.54,0.37,0.06,0.15,7.7,32.2,C,400,NTU,NA,Point of collection,0,2.87,safe,https://api.mwater.co/v3/images/fd45323ea0cc4fe9bf36ef4db2d2f380
15/12/2019,9945889,-15.9456,35.3979817,Very light,150.872,9,Absent,780,μS / cm,0,ppb,0.3,0.2,0.35,0.31,0.45,7.2,29.5,C,5,NTU,NA,Point of collection,0,2.87,safe,https://api.mwater.co/v3/images/dc1f31b4596c43e08fd076e32375525f
17/06/2019,12079588,-15.9444641,35.4129437,Normal/satisfactory ,40.811,1,Absent,2264,μS / cm,0,ppb,0.4,1.6,0.1,1.15,0,6.67,23.6,C,100,NTU,The community members were grateful after the started pumping and promised to ensure it is maintained the borehole for it to continue functioning. ,Point of collection,0,2.87,safe,https://api.mwater.co/v3/images/6b97f7e030f044ebb849702ad9213745
20/06/2019,15807230,-15.9440768,35.3948841,Normal/satisfactory ,44.57,1,Absent,1283,μS / cm,5,ppb,0.1,0.6,1,0.38,0,7.2,24,C,5,NTU,The borehole is now functioning satisfactorily with no clicking sound and sideways movement. ,Point of collection,0,2.87,safe,https://api.mwater.co/v3/images/f1c102af755547c6ac7dc6b89b61fb8b
20/06/2019,4422796,-15.9434719,35.4164662,Normal/satisfactory ,48.56,1,Absent,137,μS / cm,5,ppb,0.15,0.2,0.5,0.06,0.1,6.81,24.2,C,5,NTU,The borehole is now functional after the rehabilitation and the community are very thankful and happy. ,Point of collection,0,2.87,safe,https://api.mwater.co/v3/images/11a13e0382f548acace4ffac6e15d5f4
04/07/2019,12040148,-15.94333251,35.46257101,Normal/satisfactory ,45.532,1,Absent,250,μS / cm,5,ppb,0.05,0.4,0.6,0.21,0.3,6.38,27.3,C,5,NTU,The bolehole is functioning CBM Training was done even chlorination ,Point of collection,0,2.87,safe,https://api.mwater.co/v3/images/cec6c705dfa649f6957b20ad202e8bcd
13/06/2019,101120018,-15.9425693,35.353463,Normal/satisfactory ,54.63,1,Absent,396,μS / cm,5,ppb,0.15,1,1.4,0.18,0,7.24,25.9,C,5,NTU,NA,Point of collection,0,2.87,safe,https://api.mwater.co/v3/images/81d0890821c24af19a6d868f70d769b3
11/12/2019,101120018,-15.942569,35.3534985,Normal/satisfactory ,65.151,2,Absent,351,μS / cm,0,ppb,0.32,0.18,0.09,0.2,0.2,7.2,29.1,C,5,NTU,NA,Point of collection,0,2.87,safe,https://api.mwater.co/v3/images/1e3d9663c2de444ebcb5175bc48415ae
21/06/2019,13550127,-15.94166643,35.38052176,Normal/satisfactory ,49.971,1,Absent,1882,μS / cm,5,ppb,0.3,1.8,1,0.09,0,6.79,27.1,C,5,NTU,The bolehole is functioning just fine,Point of collection,0,2.87,safe,https://api.mwater.co/v3/images/688c8acf3acc4b3db7d60ab13e8f0c37
11/12/2019,26531320,-15.9405318,35.384215,Normal/satisfactory ,54.08,2,Absent,630,μS / cm,0,ppb,0.09,0.4,0.13,0.31,0.46,7.1,30.2,C,5,NTU,NA,Point of collection,0,2.87,safe,https://api.mwater.co/v3/images/f811565b5fc74756a1c0378ac6a8832d
21/06/2019,12052453,-15.94026888,35.38145479,Normal/satisfactory ,61.96,1,Absent,338,μS / cm,5,ppb,0.8,2,0.7,0.16,0.2,7,23.9,C,5,NTU,The bolehole is functioning fine,Point of collection,0,2.87,safe,https://api.mwater.co/v3/images/54a37a41b89e4fe6b4047cd43570c1cf
07/03/2020,101119962,-15.939875,35.3545233,Normal/satisfactory ,57.988,2,Absent,403,μS / cm,0,ppb,0.45,0.11,0.3,0.22,0.9,7.2,29.2,C,5,NTU,NA,Point of collection,0,2.87,safe,https://api.mwater.co/v3/images/57b126080b1e45799119f789f705b428
15/12/2019,101119948,-15.9394983,35.3558633,"Very light, Significant friction (very stiff) on down stroke",186.105,9,Absent,570,μS / cm,0,ppb,0.33,0.14,0.25,0.25,0,7.1,7.1,C,5,NTU,NA,Point of collection,0,2.87,safe,https://api.mwater.co/v3/images/9dc014e38b9a49ad9a93c65ac7d86774
20/06/2019,71481755,-15.9387663,35.351236,Normal/satisfactory ,48.711,1,Absent,649,μS / cm,5,ppb,0.2,0.3,0.9,0.32,0.1,7.65,24.6,C,50,NTU,NA,Point of collection,0,2.87,safe,https://api.mwater.co/v3/images/1fe6bfca35db4aa497caab31df16c94d
06/03/2020,71481755,-15.9387136,35.3510525,Normal/satisfactory ,40.731,2,Present,394,μS / cm,0,ppb,0.31,0.13,0.4,0.12,0.59,7.1,29.8,C,50,NTU,NA,Point of collection,0,2.87,safe,https://api.mwater.co/v3/images/9b7ce7cb353f4808819e1076f0cdcbdc
12/12/2019,71481755,-15.9387092,35.3510628,Normal/satisfactory ,68.071,2,Absent,394,μS / cm,0,ppb,0.31,0.13,0.4,0.12,0.5,7.1,29.6,C,5,NTU,NA,Point of collection,0,2.87,safe,https://api.mwater.co/v3/images/9aacadf764a94ded97669f4abed637a7
07/03/2020,3741106,-15.9387062,35.3398417,Normal/satisfactory ,45.558,2,Absent,505,μS / cm,0,ppb,0.5,0.34,0.73,0.25,0.95,7.1,31.2,C,5,NTU,NA,Point of collection,0,2.87,safe,https://api.mwater.co/v3/images/c2e95412ca874c20b50b46bc863cf620
15/12/2019,19803766,-15.9383917,35.3494583,Normal/satisfactory ,47.701,2,Absent,570,μS / cm,0,ppb,0.35,0.13,0.29,0.28,0,7.3,33.1,C,5,NTU,NA,Point of collection,0,2.87,safe,https://api.mwater.co/v3/images/3c8297ddb7d04d96bd9400fb36b8bf00
07/03/2020,12060135,-15.9382783,35.3407417,Normal/satisfactory ,40.962,2,Absent,511,μS / cm,0,ppb,0.3,0.37,0.81,0.29,0.95,7.5,29.6,C,5,NTU,NA,Point of collection,0,2.87,safe,https://api.mwater.co/v3/images/2937a288e78a43c7ad00cd398c3e87fb
19/06/2019,48352734,-15.9380849,35.4206042,Normal/satisfactory ,38.58,1,Absent,1476,μS / cm,5,ppb,1,0.4,0.6,0.8,0,6.3,24.8,C,5,NTU,After the rehabilitation work the borehole is now functioning satisfactorily. Community expressed thankfulness for  their rehabilitated borehole. They promised to mobilize funds for continuous maintenance of the borehole. ,Point of collection,0,2.87,safe,https://api.mwater.co/v3/images/96a0cf407b704eae9b47f6a6230c465e
03/07/2019,12078422,-15.9378313,35.4558273,Normal/satisfactory ,43.46,1,Present,317,μS / cm,0,ppb,0.3,0.4,0.32,0.1,0,7.08,26.9,C,5,NTU,The community is very happy for the rehab,Point of collection,0,2.87,safe,https://api.mwater.co/v3/images/653ccc6c5cc945ecac108fb7a1b95feb
22/02/2020,12040007,-15.9376183,35.4570183,Normal/satisfactory ,40.714,2,Absent,660,μS / cm,0,ppb,0.78,0.12,0.6,0.33,0.95,6.71,30.2,C,5,NTU,NA,Point of collection,0,2.87,safe,https://api.mwater.co/v3/images/e7d1d839e09644e4a63e572554d4b36e
03/07/2019,12040007,-15.9375908,35.4570368,Normal/satisfactory ,51.401,1,Present,622,μS / cm,0,ppb,0.4,0.2,0.6,0.3,0,7.92,25.3,C,10,NTU,The community is happy for rehabilitating the borehole,Point of collection,0,2.87,safe,https://api.mwater.co/v3/images/bd2e43eae13b44ccbcdfdd9ab8eda640
05/12/2019,48352057,-15.9371817,35.4289918,Normal/satisfactory ,51.622,2,Absent,400,μS / cm,0,ppb,0.12,0.6,0.4,0.19,0.12,6.7,29.5,C,5,NTU,NA,Point of collection,100,9435.1,unsafe,https://api.mwater.co/v3/images/a599311cab15494591089433407b32d8
08/07/2019,48352057,-15.937067,35.4290414,Normal/satisfactory ,36.881,1,Absent,428,μS / cm,5,ppb,0.4,0.2,0.8,0.21,0,6.9,32.8,C,25,NTU,NA,Point of collection,0,2.87,safe,https://api.mwater.co/v3/images/eeddc458d7c244eb85c2b24915ca44f9
07/03/2020,71481023,-15.9365261,35.3589539,Normal/satisfactory ,43.54,2,Absent,485,μS / cm,0,ppb,1.8,0.74,0.72,0.24,0.9,7.2,29.4,C,5,NTU,NA,Point of collection,0,2.87,safe,https://api.mwater.co/v3/images/8a66a9d117b54ec2aa70b39f9337b673
19/06/2019,71481023,-15.936443,35.3589758,Normal/satisfactory ,49.547,2,Absent,452,μS / cm,5,ppb,0.4,0.2,0.1,0.2,0,7.2,24.1,C,10,NTU,NA,Point of collection,0,2.87,safe,https://api.mwater.co/v3/images/fcf8bc7ef2c94a90a93dc2f6341fa6af
18/06/2019,97165653,-15.9360144,35.3619376,Normal/satisfactory ,58.419,2,Absent,303,μS / cm,0,ppb,0.52,0.14,0.44,0.13,0,7,22.8,C,5,NTU,NA,Point of collection,0,2.87,safe,https://api.mwater.co/v3/images/49d469708aa0479ba99b8fe9fb1dc445
07/03/2020,97165653,-15.9360096,35.3619713,Normal/satisfactory ,44.011,2,Absent,365,μS / cm,0,ppb,0.42,0.26,0.31,0.15,0.95,7.3,28.8,C,5,NTU,NA,Point of collection,0,2.87,safe,https://api.mwater.co/v3/images/b317ed11b1bd4c6e932266791907407f
24/06/2019,3741144,-15.9357333,35.3347584,Normal/satisfactory ,58.046,1,Absent,938,μS / cm,5,ppb,0.29,0.2,1,0.44,0,7.22,26.5,C,5,NTU,NA,Point of collection,0,2.87,safe,https://api.mwater.co/v3/images/9ff86fa056694f62b93e3ed26f5ae512
25/06/2019,12047176,-15.93546,35.3416061,Normal/satisfactory ,52.951,2,Present,720,μS / cm,5,ppb,0.19,0.2,0.2,0.26,0.18,7.26,25.6,C,10,NTU,"Due to chlorine and owing to the fact that the borehole had overstayed for about five years without use, the water was still silty and therefore unclear",Point of collection,0,2.87,safe,https://api.mwater.co/v3/images/d5775d2aa35b4df3ad962f6cc6846439
08/12/2019,12047176,-15.9354083,35.3416933,Normal/satisfactory ,45.229,2,Absent,962,μS / cm,5,ppb,0.19,0.2,0.2,0.26,0.18,7.01,30.6,C,5,NTU,NA,Point of collection,100,9435.1,unsafe,https://api.mwater.co/v3/images/77ccfe523d9a4708b6a412e4e1d31a21
07/03/2020,3741278,-15.93263,35.3408341,Normal/satisfactory ,41.042,2,Absent,281,μS / cm,0,ppb,0.6,0.24,0.9,0.2,0.9,7.2,32.1,C,5,NTU,NA,Point of collection,0,2.87,safe,https://api.mwater.co/v3/images/bc8ac58642444f44a5af62a2aa0c3698
22/02/2020,12053904,-15.9316959,35.4678045,Normal/satisfactory ,46.468,2,Absent,128.1,μS / cm,0,ppb,0.15,0.3,0.1,0.6,0.25,7.1,30,C,50,NTU,NA,Point of collection,0,2.87,safe,https://api.mwater.co/v3/images/a72eaae4730e40ba9b6a4013330181bb
22/06/2019,3741137,-15.9313724,35.3288384,Normal/satisfactory ,55.43,2,Absent,721,μS / cm,5,ppb,0.5,1.1,0.8,0.34,0.1,7.23,21.3,C,15,NTU,NA,Point of collection,0,2.87,safe,https://api.mwater.co/v3/images/3389c44089f64e19bfa0798450b0b44b
04/07/2019,6040994,-15.9292807,35.4431039,Normal/satisfactory ,45.69,1,Absent,531,μS / cm,5,ppb,0.15,1.2,0.1,0.26,0,7.74,26.7,C,10,NTU,The borehole is now functioning after rehabilitation. The community are very happy.  As an action point the community members will clean the surrounding and dig a sock pit.,Point of collection,0,2.87,safe,https://api.mwater.co/v3/images/1628712407204ede9255087b29b22735
17/06/2019,97165732,-15.9284622,35.360158,Normal/satisfactory ,48.43,1,Absent,484,μS / cm,5,ppb,0.3,0.18,0.02,0.23,0,7.2,25.3,C,5,NTU,NA,Point of collection,0,2.87,safe,https://api.mwater.co/v3/images/5d9eb04906184d1384457776c97e1ee8
18/06/2019,63143384,-15.9281184,35.4830142,Normal/satisfactory ,60.33,1,Present,220,μS / cm,5,ppb,0.15,0.1,0.5,0.1,0,7.04,23.1,C,15,NTU,The community is so thankful for rehabilitating the borehole since it has been not working for 5 years and was abandoned,Point of collection,0,2.87,safe,https://api.mwater.co/v3/images/37dab04c46734b9f87e4cfa694ca94cd
04/12/2019,63143384,-15.9281117,35.48301,Normal/satisfactory ,63.731,4,Absent,195.2,μS / cm,0,ppb,0.32,0.21,0.4,0.9,0.35,0.68,28,C,5,NTU,NA,Point of collection,0,2.87,safe,https://api.mwater.co/v3/images/fd73d925799044ed8e8ba62630bfa65d
17/06/2019,19719096,-15.9268298,35.4720063,Normal/satisfactory ,49.92,1,Absent,371,μS / cm,5,ppb,0.8,2,0,0.17,0,7.01,27.9,C,5,NTU,"The people are so thankful for rehabilitating the borehole,they have undergone CBM training and have been advised to construct the platfoam and the drainage channel ",Point of collection,0,2.87,safe,https://api.mwater.co/v3/images/dc4819cee1c64769bd74fbbdbcbf8bcc
05/07/2019,42496197,-15.925727,35.3566868,Normal/satisfactory ,52.63,1,Present,206.5,μS / cm,0,ppb,0.1,0.8,0.1,0.1,0,7.33,25.9,C,10,NTU,The community is happy for the rehab,Point of collection,0,2.87,safe,https://api.mwater.co/v3/images/bb2601ca93a74b6da32b0549de4ca8e4
27/06/2019,12055384,-15.9253812,35.3462485,Normal/satisfactory ,58.323,3,Present,967,μS / cm,5,ppb,0.35,0.4,1,0.47,0.2,7.04,24,C,10,NTU,NA,Point of collection,0,2.87,safe,https://api.mwater.co/v3/images/0a367bea72f045af965e064fae2fdddd
07/03/2020,12055384,-15.9253295,35.3461598,Normal/satisfactory ,50.923,2,Absent,595,μS / cm,0,ppb,0.46,0.3,0.75,0.27,0.95,7.1,29.4,C,5,NTU,NA,Point of collection,0,2.87,safe,https://api.mwater.co/v3/images/91c766e540594d8d999b541fd2fd46fc
21/06/2019,24962607,-15.9231244,35.4909611,Normal/satisfactory ,47.551,1,Absent,142.7,μS / cm,5,ppb,0.15,0.2,0.8,0.7,0,6.8,23.4,C,10,NTU,The borehole is now functioning satisfactorily. The community is happy and the community have agreed to intensify the management and taking care of the borehole. ,Point of collection,0,2.87,safe,https://api.mwater.co/v3/images/ad5a068adf5c40c89c842d0b0d2aef30
22/02/2020,24962607,-15.9231075,35.4910845,Normal/satisfactory ,44.38,2,Absent,166,μS / cm,0,ppb,0.16,0.4,0.7,0.08,0.3,7.24,30.2,C,10,NTU,NA,Point of collection,0,2.87,safe,https://api.mwater.co/v3/images/3b1f7f7757d04eb182256435fae73048
27/06/2019,30649642,-15.9228207,35.3490847,Normal/satisfactory ,57.239,1,Absent,853,μS / cm,0,ppb,0.8,0.1,0.7,0.42,0,7.46,26,C,5,NTU,NA,Point of collection,0,2.87,safe,https://api.mwater.co/v3/images/7681a6a4a1fb4c689c4e350732d1a93e
07/03/2020,30649642,-15.9227915,35.3491546,Normal/satisfactory ,44.4,2,Absent,710,μS / cm,0,ppb,0.28,0.76,0.8,0.4,0.95,7.6,29,C,100,NTU,NA,Point of collection,0,2.87,safe,https://api.mwater.co/v3/images/450e1489c097472d9c304305c2ba9b8e
18/06/2019,12056770,-15.92247398,35.35799214,Normal/satisfactory ,48.861,2,Absent,710,μS / cm,5,ppb,3,0.1,4,0.36,0,7,25.1,C,5,NTU,NA,Point of collection,0,2.87,safe,https://api.mwater.co/v3/images/21bf59547d0945c783c8d6e887ae89a5
21/06/2019,12040117,-15.9223273,35.3636422,Normal/satisfactory ,43.501,1,Present,1396,μS / cm,5,ppb,0.05,1.8,0.5,0.69,0.3,7.43,24.3,C,5,NTU,"The community and the school are happy for the rehabilitating,chlorinating and training on Cbm since they have been equiped with knowlwdge",Point of collection,0,2.87,safe,https://api.mwater.co/v3/images/1d98f86ba5e54d89841138298122c987
12/12/2019,21886812,-15.9223267,35.3363033,Normal/satisfactory ,49.407,1,Absent,412,μS / cm,0,ppb,0.25,0.09,0.1,0.14,0.16,6.9,31.2,C,5,NTU,NA,Point of collection,0,2.87,safe,https://api.mwater.co/v3/images/49945c3db4f949bca6defa258d89d00d
24/02/2020,10892604,-15.9209154,35.4379344,Normal/satisfactory ,43.11,2,Absent,780,μS / cm,0,ppb,0.5,0.4,0.4,0.11,0.25,7.1,28,C,5,NTU,NA,Point of collection,0,2.87,safe,https://api.mwater.co/v3/images/c8e6ae55be7d4754b49dbceaf6a0e8b7
04/07/2019,10892604,-15.9208982,35.4379313,Normal/satisfactory ,45.521,1,Present,2300,μS / cm,0,ppb,0.05,0.2,0,1.18,0,6.88,26.8,C,5,NTU,The community is happy for the rehab,Point of collection,0,2.87,safe,https://api.mwater.co/v3/images/de4ccb08065c4217a0efaf942fa6432d
17/06/2019,12092396,-15.91947266,35.36120791,Normal/satisfactory ,46.045,2,Absent,2040,μS / cm,5,ppb,0.2,1,0.8,1.07,0,7.4,30.4,C,5,NTU,NA,Point of collection,0,2.87,safe,https://api.mwater.co/v3/images/c64c890ed47741339f2eb18a15508c5a
17/06/2019,24399690,-15.91906681,35.35968552,"Normal/satisfactory , Very light",53.231,2,Absent,1562,μS / cm,0,ppb,1.6,0.8,1.4,0.79,0,7.39,27.2,C,5,NTU,NA,Point of collection,0,2.87,safe,https://api.mwater.co/v3/images/3871d9e85eb94e82b4d1a9b23631798a
19/06/2019,8324225,-15.91736864,35.40620914,Normal/satisfactory ,48.69,2,Absent,1808,μS / cm,5,ppb,1.8,0.2,0.1,0.91,0,7.03,26.2,C,5,NTU,NA,Point of collection,0,2.87,safe,https://api.mwater.co/v3/images/a4efdc25865446238d4cfaa546203ea9
26/02/2020,8324225,-15.917365,35.4062117,Normal/satisfactory ,62.135,2,Absent,528,μS / cm,0,ppb,0.3,0.14,0.11,0.21,0.25,7.2,28.3,C,5,NTU,NA,Point of collection,0,2.87,safe,https://api.mwater.co/v3/images/a878ab8259c04dbc992f0476f1784d0c
04/12/2019,25513578,-15.9173597,35.3582004,Normal/satisfactory ,43.579,2,Absent,930,μS / cm,0,ppb,0.8,0.54,1.8,0.5,0,7.52,31.2,C,5,NTU,NA,Point of collection,0,2.87,safe,https://api.mwater.co/v3/images/5c1d5658c1224e22bb5060cf7714d0e5
17/06/2019,25513578,-15.91735946,35.35817392,"Normal/satisfactory , Very light",49.36,2,Absent,922,μS / cm,0,ppb,2,1.2,2.4,0.45,0.26,7.33,23,C,5,NTU,NA,Point of collection,0,2.87,safe,https://api.mwater.co/v3/images/d94f34e218494878a7340c4003afdde3
01/03/2020,25513578,-15.9173333,35.3582133,Normal/satisfactory ,43.64,2,Absent,670,μS / cm,0,ppb,0.25,0.34,0.21,0.3,0.25,7.01,28,C,25,NTU,NA,Point of collection,0,2.87,safe,https://api.mwater.co/v3/images/1f3eae7c6af5463297136011abd9855c
14/12/2019,8324029,-15.915715,35.4608217,Normal/satisfactory ,43.811,2,Absent,345,μS / cm,0,ppb,0.1,1.4,0.1,0.17,0.2,6.7,30,C,5,NTU,NA,Point of collection,0,2.87,safe,https://api.mwater.co/v3/images/8ca666b3cd4c43598478e721c11ee2b7
04/12/2019,12080380,-15.9101942,35.357939,Normal/satisfactory ,51.845,2,Absent,978,μS / cm,0,ppb,0.13,0.32,0.37,0.45,0,7.4,31.1,C,5,NTU,NA,Point of collection,100,9435.1,unsafe,https://api.mwater.co/v3/images/1960da1fb4cf462eb758e564f40f9792
24/06/2019,12080380,-15.91014585,35.35801871,Normal/satisfactory ,49.751,3,Absent,981,μS / cm,0.1,ppb,0.1,0.8,3.6,0.49,0,7.37,28.5,C,5,NTU,NA,Point of collection,0,2.87,safe,https://api.mwater.co/v3/images/8bdff79f0527475791f33ad05e88bda5
20/06/2019,8324311,-15.9097121,35.40740565,Normal/satisfactory ,60.511,1,Absent,1450,μS / cm,5,ppb,0.15,1.6,0,0.71,0,7.17,25.4,C,5,NTU,NA,Point of collection,0,2.87,safe,https://api.mwater.co/v3/images/712ec6b3cb814c669234785f6b06f499
01/03/2020,25513626,-15.9095033,35.353025,Normal/satisfactory ,41.453,2,Absent,451,μS / cm,0,ppb,0.05,0.31,0.14,0.23,0.9,6.5,28.4,C,5,NTU,NA,Point of collection,0,2.87,safe,https://api.mwater.co/v3/images/250112c9c858488da8a995d1acef937a
12/12/2019,12079131,-15.9093994,35.3532317,Normal/satisfactory ,62.855,2,Absent,613,μS / cm,0,ppb,0.28,0.13,0.11,0.21,0.08,7.1,31.1,C,5,NTU,NA,Point of collection,0,2.87,safe,https://api.mwater.co/v3/images/bce8bc32ec75457db08b476c8b1163c3
22/06/2019,21466531,-15.9090714,35.4570297,Normal/satisfactory ,54.943,1,Present,29,μS / cm,5,ppb,0.9,0.4,0.2,0.03,0,7.9,26.8,C,25,NTU,The community is happy for rehabilitating the borehole since it was making a lot of noise,Point of collection,0,2.87,safe,https://api.mwater.co/v3/images/9f63d2c86f24483fa96507cf8ceb8c73
26/02/2020,5952865,-15.907735,35.442,Normal/satisfactory ,39.618,2,Absent,395.2,μS / cm,0,ppb,0.64,0.52,0.73,0.23,0.95,6.72,31,C,15,NTU,NA,Point of collection,0,2.87,safe,https://api.mwater.co/v3/images/eafbfb60fd1f44e3831882d9b9967c74
20/06/2019,30649446,-15.90729298,35.35036934,"Normal/satisfactory , Very light",51.12,2,Absent,588,μS / cm,0,ppb,0.5,2,3,0.26,0.5,6.7,21.6,C,5,NTU,NA,Point of collection,0,2.87,safe,https://api.mwater.co/v3/images/85d1dcf07d4546d2ae83dc0f062e5ef3
01/03/2020,12078130,-15.9044183,35.345215,Normal/satisfactory ,41.819,2,Absent,870,μS / cm,0,ppb,0.4,0.34,0.65,0.45,0.3,7.15,31.7,C,15,NTU,NA,Point of collection,0,2.87,safe,https://api.mwater.co/v3/images/bbea6202d3064a25996061417f703d26
26/02/2020,12080311,-15.9043349,35.3823684,Normal/satisfactory ,50.491,2,Absent,940.2,μS / cm,0,ppb,0.9,0.51,0.2,0.45,0.9,7.3,30,C,5,NTU,NA,Point of collection,0,2.87,safe,https://api.mwater.co/v3/images/e96557efa0484c718191cd191aa73362
04/07/2019,12080311,-15.9042044,35.3824431,Normal/satisfactory ,42.851,1,Absent,1148,μS / cm,5,ppb,0.15,0.2,0.5,0.58,0,6.8,25.7,C,5,NTU,NA,Point of collection,0,2.87,safe,https://api.mwater.co/v3/images/3ac62a921e054035b3a900031b0191c7
19/06/2019,12078130,-15.90409477,35.34555828,Normal/satisfactory ,52.211,3,Absent,1047,μS / cm,5,ppb,2.1,0.2,1.3,0.52,0,7.2,26.4,C,5,NTU,NA,Point of collection,0,2.87,safe,https://api.mwater.co/v3/images/2cce0c5c3a8a4bbfb6e8b20d821de869
21/06/2019,12032239,-15.9026303,35.415675,Normal/satisfactory ,55.03,1,Present,1460,μS / cm,5,ppb,0.1,1.8,0.1,0.76,0.1,7.42,22.7,C,5,NTU,The community is so thankful for the rehabilitating and chlorinating but also the training which has been given to them saying it has opened their eyes on many issues,Point of collection,0,2.87,safe,https://api.mwater.co/v3/images/152128985f5449158a6dc641f03cfc0e
26/02/2020,42496197,-15.9009171,35.4629096,Normal/satisfactory ,43.397,2,Absent,208.9,μS / cm,0,ppb,0.83,0.31,0.74,0.09,0.9,7.1,29.3,C,300,NTU,NA,Point of collection,0,2.87,safe,https://api.mwater.co/v3/images/f75b0df5cc9545c1b8bad08434abb8c9
25/06/2019,3659122,-15.9000825,35.3282782,Normal/satisfactory ,50.081,1,Present,1599,μS / cm,0,ppb,0.15,0.2,0.6,0.82,0,7.35,26.1,C,5,NTU,"The community is happy since tge borehole is one of the oldest in the community and most of the parts were worn out,now they have an assurance that its lifespan has been increased ",Point of collection,0,2.87,safe,https://api.mwater.co/v3/images/9916f6be50cc4946b08b99bde88b38f6
07/12/2019,12078680,-15.899605,35.4782533,Normal/satisfactory ,57.794,2,Absent,128.2,μS / cm,0,ppb,0.05,0.6,0.7,0.06,0.15,7.2,30.8,C,5,NTU,NA,Point of collection,0,2.87,safe,https://api.mwater.co/v3/images/d65ef3ba8ff84af095f6274149c0f11a
21/06/2019,12078680,-15.899596,35.4782579,Normal/satisfactory ,44.801,1,Absent,103.5,μS / cm,5,ppb,0.05,0.2,0.5,0.05,0,6.8,27.8,C,5,NTU,The borehole is now functioning satisfactorily. The water flow is good and there is no sideways movements of the handle. After the CBM training the members and community members promised to develop bylaws in the running of the borehole and ensure good relations among all concerned committees and groups.,Point of collection,0,2.87,safe,https://api.mwater.co/v3/images/a73252100247492ab065bdf4061e235f
22/02/2020,27617027,-15.8995291,35.4782669,Normal/satisfactory ,54.831,2,Absent,121,μS / cm,0,ppb,0.07,0.07,0.08,0.05,0.3,7,27.5,C,15,NTU,NA,Point of collection,0,2.87,safe,https://api.mwater.co/v3/images/b4343d9e51de42919fa9b4b052eb622b
02/03/2020,25513327,-15.8988132,35.3580099,Normal/satisfactory ,42.71,2,Absent,990,μS / cm,0,ppb,0.5,0.2,0.4,0.5,0.9,7.64,29.3,C,5,NTU,NA,Point of collection,0,2.87,safe,https://api.mwater.co/v3/images/f17557fe4f934a479b7d1d0c850a8a59
24/06/2019,14644197,-15.89872808,35.35797599,Normal/satisfactory ,61.322,2,Absent,918,μS / cm,0,ppb,0,1.4,0.2,0.46,0,7.6,32.7,C,5,NTU,NA,Point of collection,0,2.87,safe,https://api.mwater.co/v3/images/240b6db7451b49a6a28d48dd18319a41
01/03/2020,25512742,-15.8985756,35.3368959,Normal/satisfactory ,39.34,2,Absent,602,μS / cm,0,ppb,0.35,0.4,2,0.33,0.4,6.8,33.1,C,5,NTU,NA,Point of collection,0,2.87,safe,https://api.mwater.co/v3/images/18f5573fb7a34e02b5afc12612c4d02f
01/03/2020,25513736,-15.8983827,35.3355188,Normal/satisfactory ,39.75,2,Absent,122.3,μS / cm,0,ppb,0.36,0.42,1.8,0.6,0.9,7.61,28.9,C,20,NTU,NA,Point of collection,0,2.87,safe,https://api.mwater.co/v3/images/36ed9894fee54322b896a0e672b4d852
04/12/2019,25513736,-15.8983318,35.3357795,Significant friction (very stiff) on down stroke,172.587,9,Absent,201,μS / cm,0,ppb,0.3,0.37,0.41,0.1,0,7,30,C,5,NTU,NA,Point of collection,1.2,5.64,probably_safe,https://api.mwater.co/v3/images/d29807b3379c4a8ea682da2bdda44878
04/12/2019,25512742,-15.8983308,35.3355298,Significant friction (very stiff) on down stroke,43.991,3,Absent,190,μS / cm,0,ppb,0.36,0.15,0.45,0.13,0,0.73,29.6,C,5,NTU,NA,Point of collection,0,2.87,safe,https://api.mwater.co/v3/images/d4e50326408b45ed958cd916eda7a745
21/06/2019,12057324,-15.8960089,35.4828232,Normal/satisfactory ,43.59,1,Absent,254.6,μS / cm,5,ppb,0.7,0.12,0.5,0.4,0,6.62,24.9,C,5,NTU,The water flow has improved after rehabilitation and the sideways wobbling of the handle has stopped. The community is thankful for the work done. ,Point of collection,0,2.87,safe,https://api.mwater.co/v3/images/ce2cc94711d54d03b9339547ca74b197
NA,12056859,-15.89262,35.4052058,NA,NA,NA,NA,NA,NA,NA,NA,NA,NA,NA,NA,NA,NA,NA,NA,NA,NA,"After the chlorination team left the borehole, it is reported that children who came to draw water from it broke it on the second stroke! Currently the borehole is not functional ",NA,NA,NA,NA,NA
21/06/2019,12055195,-15.8925934,35.4797866,Normal/satisfactory ,45.6,1,Absent,430,μS / cm,5,ppb,0.05,0.2,0.2,0.2,0,6.48,24.2,C,5,NTU,The water flow after the rehabilitation has tremendously improved than before when it used to take nearly 7 strokes before water could start flowing.  The community intends to formulate bylaws to ensure the borehole is maintained all the time. ,Point of collection,0,2.87,safe,https://api.mwater.co/v3/images/6ed95f4b5a8d4bb0bccd4a797396fb2a
04/12/2019,12055195,-15.89258,35.47984,Normal/satisfactory ,44.737,2,Absent,391,μS / cm,0,ppb,0.06,0.13,0.21,0.14,0,7.16,31.1,C,5,NTU,NA,Point of collection,100,9435.1,unsafe,https://api.mwater.co/v3/images/82161ca28c684537bec9627b2a568aab
02/07/2019,12079069,-15.89234111,35.35042403,"Normal/satisfactory , Significant friction (very stiff) on up stroke",39.73,2,Absent,1439,μS / cm,0,ppb,0.15,0,0.2,0.73,0,7.38,29.5,C,5,NTU,NA,Point of collection,0,2.87,safe,https://api.mwater.co/v3/images/83a9c27a6b964fc9877e516121da4a4c
26/06/2019,17019835,-15.8919579,35.3785172,Normal/satisfactory ,46.52,1,Present,1182,μS / cm,5,ppb,0.25,0.2,0.7,0.59,0,7.38,25.4,C,5,NTU,The community is happy for the rehab,Point of collection,0,2.87,safe,https://api.mwater.co/v3/images/faaa4334ebfa4311b4845e66ae857f92
26/06/2019,12058222,-15.88966975,35.36659594,Normal/satisfactory ,49.361,3,Absent,3110,μS / cm,5,ppb,0,0.6,0,1.58,0,6.95,24.3,C,5,NTU,NA,Point of collection,0,2.87,safe,https://api.mwater.co/v3/images/ae5d371e1e28406a861e482482122d8f
08/03/2020,50690831,-15.8856533,35.3357967,Normal/satisfactory ,42.991,2,Absent,970,μS / cm,0,ppb,0.56,0.42,0.15,0.51,0.25,7.21,31.5,C,5,NTU,NA,Point of collection,0,2.87,safe,https://api.mwater.co/v3/images/ca7a8d8fe74c4d96ba8ec584bae9106c
01/07/2019,50690831,-15.88564396,35.33586226,Normal/satisfactory ,57.75,1,Absent,968,μS / cm,5,ppb,1.6,1.6,2,0.48,0,7.43,28.3,C,5,NTU,The bolehole is functioning well,Point of collection,0,2.87,safe,https://api.mwater.co/v3/images/05cb8b64c9da483380a3bbf4a3e1ff7b
22/06/2019,26629506,-15.88555307,35.36109843,Normal/satisfactory ,62.191,2,Absent,1385,μS / cm,0,ppb,0.2,0.5,0.2,0.69,0,7.4,25.3,C,5,NTU,NA,Point of collection,0,2.87,safe,https://api.mwater.co/v3/images/7ff048779a194d6d9982764cd1795198
22/06/2019,26629496,-15.88178188,35.35607817,Normal/satisfactory ,65.38,2,Absent,1265,μS / cm,0,ppb,0.3,1.2,1,0.64,0,7.55,29.8,C,5,NTU,NA,Point of collection,0,2.87,safe,https://api.mwater.co/v3/images/c4d11c0a112e4e20880c85b62be361a8
01/07/2019,50690855,-15.88129781,35.34154251,Normal/satisfactory ,44.581,2,Absent,1012,μS / cm,0,ppb,0,0.2,0,0.51,0,7.26,30,C,5,NTU,NA,Point of collection,0,2.87,safe,https://api.mwater.co/v3/images/0beff35fae3746e394415e58b2652798
12/12/2019,50690855,-15.881294,35.3415833,Normal/satisfactory ,53.653,2,Absent,378,μS / cm,0,ppb,0.47,0.09,0.11,0.18,0.19,7.3,31,C,5,NTU,NA,Point of collection,0,2.87,safe,https://api.mwater.co/v3/images/e9c9362006ea4151b361c387b1a7a720
08/03/2020,50690862,-15.8796611,35.3472067,Normal/satisfactory ,40.071,2,Absent,1150,μS / cm,0,ppb,0.34,0.41,0.38,0.57,0.1,7.33,29.2,C,15,NTU,NA,Point of collection,0,2.87,safe,https://api.mwater.co/v3/images/5d4abb137aa546059ac7a0418e4060b6
02/07/2019,12071322,-15.87940893,35.33940521,Normal/satisfactory ,51.392,3,Absent,745,μS / cm,0,ppb,0.3,0,1,0.37,0,7.63,34.5,C,5,NTU,NA,Point of collection,0,2.87,safe,https://api.mwater.co/v3/images/4401e53f206d48958c4eb802ee88542f
28/06/2019,12071195,-15.87682511,35.50410213,Normal/satisfactory ,56.291,1,Absent,50.9,μS / cm,0,ppb,0.7,0.8,0.8,0.02,0.1,6.74,20.7,C,5,NTU,The bolehole is functioning after rehabilitation seems to be in good condition CBM Training done,Point of collection,0,2.87,safe,https://api.mwater.co/v3/images/37a8e605fd3241d891704d98d9a3c791
22/02/2020,12071195,-15.8767878,35.5040694,Normal/satisfactory ,46.963,2,Absent,80.2,μS / cm,0,ppb,0.35,0.03,0.6,0.3,0.15,7.2,28,C,10,NTU,NA,Point of collection,0,2.87,safe,https://api.mwater.co/v3/images/f09edb6d3aed4e1796d31d78a7b06ac6
27/06/2019,29125263,-15.87674991,35.50685758,Normal/satisfactory ,63.182,2,Absent,272,μS / cm,5,ppb,0.5,0.2,0.6,0.01,0,6.52,24.8,C,5,NTU,The bolehole is functioning well,Point of collection,0,2.87,safe,https://api.mwater.co/v3/images/fc7e7034d56a4b808b07699c804a316f
26/02/2020,12039872,-15.8749349,35.4565568,Normal/satisfactory ,46.571,1,Absent,208.9,μS / cm,0,ppb,0.64,0.22,0.73,0.21,0.3,6.2,29,C,25,NTU,NA,Point of collection,0,2.87,safe,https://api.mwater.co/v3/images/e978c41c662f4ad2a6032f50b8b8e95f
26/06/2019,26631062,-15.87346998,35.37224581,Normal/satisfactory ,49.974,2,Absent,7.26,μS / cm,5,ppb,0.05,1,1,0.61,0,7.26,26.7,C,5,NTU,NA,Point of collection,0,2.87,safe,https://api.mwater.co/v3/images/d79496af225f4af1a76796b1c1e6a60a
24/06/2019,12056062,-15.8733927,35.4590673,Normal/satisfactory ,50.931,1,Present,870,μS / cm,5,ppb,0.4,1.2,0.7,0.44,0,7.03,27.9,C,5,NTU,The community was all praises for the project since it has helped them to have good quality water,Point of collection,0,2.87,safe,https://api.mwater.co/v3/images/dd904e8e07bd4eeba98748401b5a66e9
09/03/2020,26631237,-15.8726485,35.3427938,Normal/satisfactory ,40.863,2,Absent,1502,μS / cm,0,ppb,4.2,0.4,1.7,0.14,0.25,7.65,33.1,C,5,NTU,NA,Point of collection,0,2.87,safe,https://api.mwater.co/v3/images/9a38816c4f224763aecb1c7fedd8edb0
26/02/2020,54303410,-15.8707833,35.39893,Normal/satisfactory ,40.8,2,Absent,1210,μS / cm,0,ppb,1,0.32,0.8,0.62,0.9,7.07,30.2,C,5,NTU,NA,Point of collection,0,2.87,safe,https://api.mwater.co/v3/images/fbf388df4ad645b9868247e1d26cab82
02/07/2019,54303410,-15.87074345,35.39889614,Normal/satisfactory ,58.351,2,Absent,1325,μS / cm,5,ppb,0.05,0.8,0.1,0.69,0.2,7.18,34.5,C,5,NTU,The bolehole is functioning well,Point of collection,0,2.87,safe,https://api.mwater.co/v3/images/af42b060dbcb47ae93ca838d0e9642ad
08/03/2020,54303795,-15.8705333,35.40012,Normal/satisfactory ,42.091,2,Absent,1607,μS / cm,0,ppb,0.15,0.5,0.5,0.82,0.9,6.8,30.4,C,5,NTU,NA,Point of collection,0,2.87,safe,https://api.mwater.co/v3/images/8796fd5a80a14ec5b6dd3c3251cc836b
02/07/2019,54303252,-15.8693683,35.393675,Normal/satisfactory ,56.731,1,Present,1557,μS / cm,0,ppb,0.45,0.8,0.6,0.1,0,7.44,23.7,C,10,NTU,The community is so thankful for the rehabilitation,Point of collection,0,2.87,safe,https://api.mwater.co/v3/images/eaae807b97154e098146ac41063ab323
08/12/2019,54303252,-15.8693657,35.3935828,Normal/satisfactory ,46.393,2,Absent,1862,μS / cm,0,ppb,0.3,0.9,0.2,0.94,0.35,7.6,29.6,C,5,NTU,NA,Point of collection,0,2.87,safe,https://api.mwater.co/v3/images/58c1273119814a259b246767330322f7
26/02/2020,54303252,-15.8693587,35.3936196,Normal/satisfactory ,43.833,2,Absent,1902,μS / cm,0,ppb,0.32,0.32,0.65,0.94,0.3,7.4,31.4,C,50,NTU,NA,Point of collection,0,2.87,safe,https://api.mwater.co/v3/images/a1ea4b1fe3fc48a8ba9a750d8b924793
27/06/2019,12040100,-15.86727228,35.36065072,Normal/satisfactory ,38.562,3,Absent,1336,μS / cm,0,ppb,0.25,1.8,2,0.66,0,7.2,24,C,5,NTU,NA,Point of collection,0,2.87,safe,https://api.mwater.co/v3/images/9ecc70b7a835480f9b37f37609172e73
02/07/2019,12040461,-15.86676876,35.38531216,Normal/satisfactory ,43.401,9,Present,1325,μS / cm,5,ppb,0.05,0.8,0.1,0.69,0.4,7.18,34.2,C,5,NTU,The bolehole is functioning well,Point of collection,0,2.87,safe,https://api.mwater.co/v3/images/fd8c524cbd95453c986dadca069a64bf
07/12/2019,12054015,-15.8645917,35.5260602,Normal/satisfactory ,52.743,3,Absent,236.8,μS / cm,0,ppb,0.3,0.12,0.4,0.11,0.6,6.8,31.1,C,5,NTU,NA,Point of collection,0,2.87,safe,https://api.mwater.co/v3/images/b0ebc39553d54f3498434f2d14f8eb71
22/02/2020,12054015,-15.864543,35.5259047,Normal/satisfactory ,44.132,2,Absent,210,μS / cm,0,ppb,0.15,0.12,0.19,0.1,0.3,6.8,29.7,C,5,NTU,NA,Point of collection,0,2.87,safe,https://api.mwater.co/v3/images/4a66e2e8ccee4f7fb002535e75cbfd19
27/06/2019,12040203,-15.8635389,35.5238849,Normal/satisfactory ,37.921,1,Absent,239.2,μS / cm,5,ppb,0.15,0.2,0.4,0.1,0,6.62,26.6,C,5,NTU,The borehole is now functioning satisfactorily and the community is happy and thankful for the rehabilitation  and the chlorination done.They have promised to sensitise all the community members to continue treating the water in their homes. ,Point of collection,0,2.87,safe,https://api.mwater.co/v3/images/b5b71af038b14447be4eaba9c4792872
24/02/2020,12040203,-15.8635036,35.5238936,Normal/satisfactory ,53.966,2,Absent,362,μS / cm,0,ppb,0.31,0.11,0.1,0.12,0.3,7.3,31,C,5,NTU,NA,Point of collection,0,2.87,safe,https://api.mwater.co/v3/images/107e17c856394347ad7c6bb9d0071304
07/12/2019,12040203,-15.8634783,35.5239733,Normal/satisfactory ,42.191,2,Absent,250.01,μS / cm,0,ppb,0.38,0.2,0.1,0.12,0.6,6.9,31.5,C,5,NTU,NA,Point of collection,0,2.87,safe,https://api.mwater.co/v3/images/36d9794bd3024943839cb66a3a1ac404
26/02/2020,63143119,-15.8623942,35.4292593,Normal/satisfactory ,48.261,2,Absent,3005,μS / cm,0,ppb,1,0.31,0.62,1.62,2.25,7.1,29.3,C,5,NTU,NA,Point of collection,0,2.87,safe,https://api.mwater.co/v3/images/71f077d72a984c6c9bd252fcc6094477
24/06/2019,12071016,-15.8621203,35.5335731,Normal/satisfactory ,50.65,1,Absent,20,μS / cm,5,ppb,0.15,0.2,0.5,0.01,0,6.5,26,C,5,NTU,NA,Point of collection,0,2.87,safe,https://api.mwater.co/v3/images/233a316452064d83947564bc2037b532
07/03/2020,26630906,-15.85773079,35.35815802,Normal/satisfactory ,40.291,1,Absent,133,μS / cm,0,ppb,0.35,0.4,0.3,6.77,0,7.41,35.1,C,5,NTU,The bolehole is functioning and in good condition ,Point of collection,0,2.87,safe,https://api.mwater.co/v3/images/7a392920e4ba420c9fed335c29c43d67
22/02/2020,12056086,-15.8576536,35.5406615,Normal/satisfactory ,39.523,2,Absent,660,μS / cm,0,ppb,0.78,0.12,0.6,0.33,0.9,6.71,29.4,C,50,NTU,NA,Point of collection,0,2.87,safe,https://api.mwater.co/v3/images/ee6af6d05a9a44a2aadf7925b39c9431
08/07/2019,12056086,-15.857617,35.5406708,"Normal/satisfactory , Significant friction (very stiff) on down stroke",56.581,1,Present,138,μS / cm,5,ppb,0.05,0.2,0.7,0.08,0,7.5,31.9,C,10,NTU,NA,Point of collection,0,2.87,safe,https://api.mwater.co/v3/images/674a6c9f7eab4abc917a12f1ad839522
14/12/2019,45453058,-15.8572733,35.5636217,Normal/satisfactory ,45.133,2,Present,604,μS / cm,0,ppb,0.34,0.18,0.4,0.03,0,7.2,31,C,500,NTU,"The Borehole was not chlorinated  as the water is too muddy for consumption. It had turbidty levels of 500 on the day of visit.

Since the area has running taps, people access their drinking water from taps",Point of collection,100,9435.1,unsafe,https://api.mwater.co/v3/images/b7aeab3e50cd43af829a7cfa34c04bb0
04/07/2019,45451582,-15.8572609,35.5635993,Normal/satisfactory ,41.641,1,Absent,879,μS / cm,5,ppb,0.05,0.4,0.2,0.4,0,7.2,26,C,5,NTU,NA,Point of collection,0,2.87,safe,https://api.mwater.co/v3/images/4216923f7cdb4cb48bb5f7843a27917f
NA,55319115,-15.8556941,35.5459192,Very light,NA,NA,NA,NA,NA,NA,NA,NA,NA,NA,NA,NA,NA,NA,NA,NA,NA,"Survey not done as water table is still too low and the borehole is dry.

Rehabilitation was not done at this water point as the problem was water table",NA,NA,NA,NA,NA
08/07/2019,55319115,-15.8556812,35.54597814,Normal/satisfactory ,64.99,1,Absent,198.4,μS / cm,5,ppb,0.35,2,0.45,0.53,0,7.2,24.6,C,5,NTU,The borehole is lighter but is making noise when pumping,Point of collection,0,2.87,safe,https://api.mwater.co/v3/images/f60e750aab1c4ab5bd2ed2f4978c0d2b
14/06/2019,12056048,-15.85257008,35.54529659,Normal/satisfactory ,45.011,1,Absent,169.1,μS / cm,5,ppb,0.05,1.3,0.3,0.06,0,6.71,26.5,C,5,NTU,The bolehole was in good condition just needed minor repairs,Point of collection,0,2.87,safe,https://api.mwater.co/v3/images/716bbe1ae3304e59bf2e556afae457a3
08/03/2020,12060252,-15.8519506,35.5590713,Normal/satisfactory ,44.21,2,Present,220,μS / cm,0,ppb,0.3,0.03,0.04,0.16,0.7,6.5,28.6,C,50,NTU,NA,Point of collection,0,2.87,safe,https://api.mwater.co/v3/images/6839885c54124b5ab0667479295241d9
22/06/2019,12060252,-15.8519472,35.5590922,Normal/satisfactory ,46.232,2,Absent,299.6,μS / cm,5,ppb,0.65,0.4,0.2,0.14,0,6.9,24.5,C,15,NTU,NA,Point of collection,0,2.87,safe,https://api.mwater.co/v3/images/7e6985793f924904a34287ed0d28eca0
18/06/2019,55319122,-15.8464204,35.5476665,Normal/satisfactory ,41.53,1,Absent,678,μS / cm,5,ppb,0.24,0.2,0.1,0.34,0,6.8,26,C,25,NTU,NA,Point of collection,0,2.87,safe,https://api.mwater.co/v3/images/0b0c546b58914acd8dd4a72d9fcca5a6
24/02/2020,55319122,-15.8464151,35.547718,Normal/satisfactory ,75.676,1,Absent,311,μS / cm,0,ppb,0.1,0.28,0.17,0.13,0.51,7.2,29,C,5,NTU,NA,Point of collection,0,2.87,safe,https://api.mwater.co/v3/images/417f5237beff4051a3da4e5a16cf8e6c
25/06/2019,3659191,-15.8456549,35.4779276,Normal/satisfactory ,43.541,1,Present,939,μS / cm,0,ppb,0.35,0.8,0,0.47,0,7.43,26.2,C,5,NTU,The community is happy for the rehabilitation and the cbm training offered to them saying it opened their eyes,Point of collection,0,2.87,safe,https://api.mwater.co/v3/images/a02758b4c6af4253a2cc164036b9450c
08/03/2020,3659122,-15.8445603,35.4697964,Normal/satisfactory ,45.027,2,Absent,1763,μS / cm,0,ppb,0.31,0.35,0.4,0.81,0.8,7.5,28.9,C,5,NTU,NA,Point of collection,0,2.87,safe,https://api.mwater.co/v3/images/27366a2a76304b088ecfacb15776b6fc
25/06/2019,45451630,-15.840031,35.4954027,Normal/satisfactory ,51.94,1,Absent,654,μS / cm,5,ppb,0.1,1,0.2,0.32,0,7.12,27.5,C,5,NTU,NA,Point of collection,0,2.87,safe,https://api.mwater.co/v3/images/7a01ba89b1144857822f6545beea9a16
24/02/2020,45451582,-15.8399916,35.4954077,Normal/satisfactory ,53.551,2,Absent,462,μS / cm,0,ppb,0.32,0.11,0.09,0.71,0.6,7.1,29.8,C,5,NTU,NA,Point of collection,0,2.87,safe,https://api.mwater.co/v3/images/817040fb07f244228f6ee070bcb0cca5
15/06/2019,12056251,-15.83983309,35.39779034,Normal/satisfactory ,59.531,2,Absent,1665,μS / cm,5,ppb,1.5,0.4,4,0.85,0,7.2,28.3,C,5,NTU,NA,NA,0,2.87,safe,https://api.mwater.co/v3/images/b9e56de74de04ce0bebc402cfb5de4b1
16/06/2019,6010481,-15.83931655,35.54102982,Normal/satisfactory ,69.471,1,Absent,384,μS / cm,5,ppb,0.45,0.2,0.6,0.18,0.3,7.6,28.8,C,5,NTU,"The borehole has less mineral count. 
The performance is just satisfactory after founding in non functional state.
A day after the rehabilitation and CBM training, community has cleaned the surrounding and prepared a soak way pit. ",Point of collection,0,2.87,safe,https://api.mwater.co/v3/images/db015d47a88b4372ba62349a2ae487cb
03/07/2019,12080218,-15.83862661,35.35922799,Normal/satisfactory ,43.72,2,Absent,1154,μS / cm,0,ppb,0.25,0.6,2.8,0.58,0,7.65,32.8,C,5,NTU,NA,Point of collection,0,2.87,safe,https://api.mwater.co/v3/images/589f1fe71dd14cfc97c2e3b55659112e
26/06/2019,45452174,-15.8367003,35.5150978,Normal/satisfactory ,45.701,1,Absent,551,μS / cm,5,ppb,0.15,1.2,0.1,0.26,0,7.25,23.4,C,5,NTU,NA,Point of collection,0,2.87,safe,https://api.mwater.co/v3/images/c97c5cae4b674e969e3f9af8cf9a9d66
25/06/2019,6010429,-15.8357785,35.5124075,Normal/satisfactory ,46.72,1,Absent,841,μS / cm,5,ppb,0.15,0.8,0.8,0.31,0,7.7,27.6,C,5,NTU,NA,Point of collection,0,2.87,safe,https://api.mwater.co/v3/images/d3fc31613bd947f789c218bd5c241084
25/06/2019,45451609,-15.8348081,35.4976962,Normal/satisfactory ,51.611,1,Absent,963,μS / cm,5,ppb,0.24,1.4,0.1,0.47,0,7.3,26,C,5,NTU,NA,Point of collection,0,2.87,safe,https://api.mwater.co/v3/images/fb8e7a11be31400aa5b9cab99045d316
02/07/2019,12054431,-15.8251947,35.5126676,Normal/satisfactory ,37.631,1,Absent,668,μS / cm,5,ppb,0.15,0.2,0.1,0.33,0,7.3,26,C,5,NTU,NA,Point of collection,0,2.87,safe,https://api.mwater.co/v3/images/2cce4a1b0ad145bf8d723f9cdd670f24
03/07/2019,32157723,-15.8203645,35.4506329,Normal/satisfactory ,42.514,1,Absent,6.52,μS / cm,5,ppb,0.2,0.2,0.9,3.55,0,7.27,27.5,C,5,NTU,"The borehole is now functioning satisfactorily after the rehabilitation. After the CBM training the members intends to clean the  surrounding area as an action point I.e. digging sock pit,  slashing grass around.",Point of collection,0,2.87,safe,https://api.mwater.co/v3/images/f79194fbc41744f9933dc4632ace9063
16/06/2019,3659036,-15.81830517,35.52552991,Normal/satisfactory ,59.77,1,Absent,650,μS / cm,5,ppb,4,0.2,0.1,0.37,0.4,7.5,25.6,C,5,NTU,The water has more ammonia level. The water point is performing very well after rehabilitation,Point of collection,0,2.87,safe,https://api.mwater.co/v3/images/b1b446cf3cde412191c32f214b67af7b
02/07/2019,12056660,-15.7973384,35.4848765,Normal/satisfactory ,41.721,1,Absent,2713,μS / cm,5,ppb,0.15,0.2,0.4,1.4,0,7.2,27,C,5,NTU,NA,Point of collection,0,2.87,safe,https://api.mwater.co/v3/images/8d446a1bb39b4d69a687544c3fd3f0e2
28/02/2020,62953621,-15.7922708,35.4910654,Normal/satisfactory ,59.755,2,Absent,2554,μS / cm,0,ppb,0.2,0.14,0.4,1.2,0.75,7.8,31,C,5,NTU,NA,Point of collection,0,2.87,safe,https://api.mwater.co/v3/images/3287f0be21fc404baa0255f3a82d910e
28/02/2020,55319139,-15.7908491,35.4819133,Normal/satisfactory ,58.861,3,Absent,5.08,μS / cm,0,ppb,0.4,0.37,0.43,2.58,0.41,6.7,32,C,5,NTU,NA,Point of collection,0,2.87,safe,https://api.mwater.co/v3/images/4cba879cafb749b2ac65bb299d3d8cbc
28/06/2019,62955252,-15.7635539,35.4718452,Normal/satisfactory ,42.551,1,Absent,1958,μS / cm,5,ppb,0.15,0.2,0.9,1.01,0,7.45,28.5,C,5,NTU,"The community has promised to clean the surrounding area of the borehole, rehabilitate the civil works,  and reconstitute the water point committee to ensure the borehole is managed sustainably. ",Point of collection,0,2.87,safe,https://api.mwater.co/v3/images/99be4d91e81d4e15b522069dad350725
28/06/2019,46255134,-15.7618548,35.4839701,Normal/satisfactory ,42.68,1,Absent,719,μS / cm,5,ppb,0.15,0.2,0.9,0.35,0,7.14,28.4,C,5,NTU,The borehole is now functioning satisfactorily and the committee were briefed about their roles and responsibilities. The committee promised to mobilize community members to fully participate in ensuring cleanliness of the borehole surrounding area. ,Point of collection,0,2.87,safe,https://api.mwater.co/v3/images/fb8640f21490499baee93ab45eb033d0
02/07/2019,66029221,-15.7588479,35.478942,Normal/satisfactory ,43.62,1,Absent,475,μS / cm,5,ppb,0.5,0.2,0.8,0.7,0,6.9,25,C,5,NTU,NA,Point of collection,0,2.87,safe,https://api.mwater.co/v3/images/4f5606c675d441278d34f974d543e5a6
05/07/2019,12076925,-15.74536481,35.38201985,Normal/satisfactory ,51.541,2,Absent,1911,μS / cm,0,ppb,0.1,0.2,2,0.96,0,7.33,29.9,C,5,NTU,NA,Point of collection,0,2.87,safe,https://api.mwater.co/v3/images/d474cd912bcd4d368fbefd49a88e2623
03/07/2019,12075649,-15.72236951,35.38435691,Normal/satisfactory ,54.784,3,Absent,758,μS / cm,0,ppb,0.45,1.6,0.1,0.37,0,7.67,28.7,C,5,NTU,NA,Point of collection,0,2.87,safe,https://api.mwater.co/v3/images/e93ef0a25f3e445baa2a22ea76411fa7
05/07/2019,12076509,-15.72169607,35.3789516,Normal/satisfactory ,55.961,2,Absent,635,μS / cm,0,ppb,0.15,0.4,1,0.37,0,7.33,24.7,C,5,NTU,NA,Point of collection,0,2.87,safe,https://api.mwater.co/v3/images/12c4926069e14cf3a5d56529e114ad4f
05/07/2019,22837400,-15.7037381,35.4449326,Normal/satisfactory ,57.827,1,Absent,1493,μS / cm,5,ppb,0.15,0.3,0,0.75,0,7.31,28.4,C,5,NTU,NA,Point of collection,0,2.87,safe,https://api.mwater.co/v3/images/7ce26260f5f541608f6cce10eb9c6037
06/07/2019,22820262,-15.7020665,35.4440893,"Normal/satisfactory , Significant friction (very stiff) on down stroke",61.089,1,Absent,1602,μS / cm,0,ppb,0.1,0.7,1,0.8,0,7.21,26.4,C,5,NTU,NA,Point of collection,0,2.87,safe,https://api.mwater.co/v3/images/15a70fe3953d41e2aade17ec4fe09dd6
05/07/2019,46864451,-15.7020619,35.4411359,"Normal/satisfactory , Significant friction (very stiff) on down stroke",55.69,1,Absent,1335,μS / cm,0,ppb,1,0.6,0.05,0.65,0.3,7.25,28.5,C,5,NTU,NA,Point of collection,0,2.87,safe,https://api.mwater.co/v3/images/f6a42d0566a948999bdc0f630b156ffb
14/12/2019,22805029,-15.6964165,35.471446,Normal/satisfactory ,54.012,2,Absent,2140,μS / cm,0,ppb,0.33,1,0.6,1.1,0,7.6,32,C,5,NTU,NA,Point of collection,0,2.87,safe,https://api.mwater.co/v3/images/c071c7574b86407290744d186d4c7a86
14/12/2019,46877499,-15.6960145,35.5053867,Normal/satisfactory ,58.691,3,Absent,1705,μS / cm,0,ppb,0.1,0.5,0.4,0.76,0.4,7.06,28.9,C,5,NTU,NA,Point of collection,0,2.87,safe,https://api.mwater.co/v3/images/e4609bb8b8c24db7b9294f8ca3149f41
04/07/2019,46877499,-15.6959577,35.5053298,Normal/satisfactory ,50.201,1,Absent,1727,μS / cm,0,ppb,0.05,0.4,0.2,0.87,0,7.21,26.7,C,5,NTU,NA,Point of collection,0,2.87,safe,https://api.mwater.co/v3/images/84f9d4cb44a941d6bf9077ed1a680e3f
14/12/2019,58123838,-15.6913467,35.48872,Normal/satisfactory ,72.121,3,Absent,988.5,μS / cm,0,ppb,0.12,0.3,0.67,0.4,0,7.3,28.6,C,5,NTU,NA,Point of collection,0,2.87,safe,https://api.mwater.co/v3/images/9e44aa20f4744155b8ea5f4581cb5d1c
04/07/2019,58123838,-15.69132881,35.4887341,Normal/satisfactory ,48.63,1,Absent,1351,μS / cm,5,ppb,0,0.4,0.045,1.35,0,7.03,26.4,C,5,NTU,NA,Point of collection,0,2.87,safe,https://api.mwater.co/v3/images/eeb138574baa48408bdad7d0a8014b4f
02/07/2019,22807210,-15.69064377,35.46342368,Normal/satisfactory ,50.965,1,Absent,690,μS / cm,5,ppb,0.25,2,0,0.32,0,7.2,27.1,C,5,NTU,NA,Point of collection,0,2.87,safe,https://api.mwater.co/v3/images/8b321b2c921d43e0a9b3af2c6328f418
14/12/2019,12080029,-15.6883,35.3392533,Normal/satisfactory ,47.698,4,Absent,3050,μS / cm,0,ppb,0.4,1.5,0.2,1.6,0.35,7.05,30,C,5,NTU,NA,Point of collection,0,2.87,safe,https://api.mwater.co/v3/images/edbe2ab1a38e488e86d1355307715aea
02/07/2019,12080029,-15.6882193,35.33923063,Normal/satisfactory ,53.722,1,NA,3230,μS / cm,5,ppb,1.8,2,0.5,1.71,0,7.2,37,C,5,NTU,NA,Point of collection,0,2.87,safe,https://api.mwater.co/v3/images/d0d2203f7b7949bfa27f40d4b53a0214
03/07/2019,55327990,-15.68663322,35.33782772,"Normal/satisfactory , Significant friction (very stiff) on down stroke",59.52,2,Absent,1281,μS / cm,10,ppb,2,0.4,1,0.96,0,7.21,26.4,C,5,NTU,NA,Point of collection,0,2.87,safe,https://api.mwater.co/v3/images/14f6b967eeee438b9c2925acbc9aaeaf
14/12/2019,10982150,-15.6864814,35.4820151,Normal/satisfactory ,44.85,2,Absent,860,μS / cm,0,ppb,0.1,0.42,0.08,0.4,0.3,7.3,30,C,5,NTU,NA,Point of collection,0,2.87,safe,https://api.mwater.co/v3/images/fd0cbda9f8364ba181f857c9a32875f8
08/07/2019,22808376,-15.686097,35.4910864,"Normal/satisfactory , Significant friction (very stiff) on down stroke",54.052,1,Absent,1704,μS / cm,0,ppb,0.35,0.62,0.23,0.86,0,7.42,24.9,C,5,NTU,NA,Point of collection,0,2.87,safe,https://api.mwater.co/v3/images/01edf6a3e4b54c5da5271dd1bedfe389
05/07/2019,55328025,-15.68106026,35.47080669,Normal/satisfactory ,67.341,1,Absent,1055,μS / cm,5,ppb,0.4,1,0.45,0.46,0.1,7.5,27.5,C,5,NTU,NA,Point of collection,0,2.87,safe,https://api.mwater.co/v3/images/ab55a0d2aaf6491eba01a700f10a7486
05/07/2019,12071267,-15.67580984,35.38175504,Normal/satisfactory ,63.05,1,Absent,1594,μS / cm,5,ppb,2.1,0.6,1.6,0.8,0,7.4,26.9,C,5,NTU,NA,Point of collection,0,2.87,safe,https://api.mwater.co/v3/images/7c03551fcf33442cb178a9286356b941
27/02/2020,46953164,-15.6743929,35.4694973,Normal/satisfactory ,73.008,1,Absent,3.81,μS / cm,0,ppb,0.05,0.8,3,2.06,0.48,7.4,32.3,C,5,NTU,NA,Point of collection,0,2.87,safe,https://api.mwater.co/v3/images/47b7bdb518994a0aa26ba09abc9c9a47
17/06/2019,46953243,-15.67436472,35.4786595,Normal/satisfactory ,57.522,2,Absent,3.44,mS / cm,5,ppb,0.4,1,2.8,1.86,0,7.23,28.6,C,5,NTU,NA,Point of collection,0,2.87,safe,https://api.mwater.co/v3/images/7f54bb13fbe5471882c83f010cf82f0d
04/07/2019,12046096,-15.67337471,35.47253595,Normal/satisfactory ,74.702,1,Absent,4.08,mS / cm,5,ppb,0,1.2,2,2.25,0.1,7.17,29.6,C,5,NTU,NA,Point of collection,0,2.87,safe,https://api.mwater.co/v3/images/0c1e69c9dc9f4a9bb279b4d9a94e19d7
02/07/2019,11495187,-15.670504,35.49750429,Normal/satisfactory ,50.361,1,Absent,394,μS / cm,5,ppb,0,0.2,0.5,0.18,0,7.01,28.3,C,5,NTU,NA,Point of collection,0,2.87,safe,https://api.mwater.co/v3/images/43c251049fbf4d2492aaf664e3313795
27/02/2020,11495187,-15.6704642,35.4975309,Normal/satisfactory ,52.648,2,Absent,480,μS / cm,0,ppb,0.4,0.4,0.2,0.22,0.21,7.1,31.7,C,5,NTU,NA,Point of collection,0,2.87,safe,https://api.mwater.co/v3/images/a080a278119c4e99a61d9a5575867fa5
01/07/2019,55328018,-15.66897142,35.47307551,Normal/satisfactory ,61.901,1,Absent,4.78,mS / cm,5,ppb,0.4,1.6,3,2.62,0.2,7.1,30.1,C,5,NTU,NA,Point of collection,0,2.87,safe,https://api.mwater.co/v3/images/b75a43694ca842b88d7050a811374a50
01/07/2019,56496497,-15.6686258,35.4752419,"Normal/satisfactory , Significant friction (very stiff) at all times",54.541,1,Absent,5.7,μS / cm,5,ppb,0.2,0.6,0.7,3.15,0.21,7.15,30.5,C,5,NTU,NA,Point of collection,0,2.87,safe,https://api.mwater.co/v3/images/aa75bf3decd246f8bdee8a8c414bee54
17/06/2019,58124279,-15.6666195,35.4735472,"Normal/satisfactory , Significant friction (very stiff) on down stroke",58.501,1,Present,6.15,mS / cm,0,ppb,0,1,0.4,3.31,0,7.24,26.1,C,5,NTU,"Need another head, water is very salty ",Point of collection,0,2.87,safe,https://api.mwater.co/v3/images/45d22e13fbe344c2bd7882306699a737
18/06/2019,56496480,-15.66599106,35.47744307,Normal/satisfactory ,58.501,1,Absent,3.78,mS / cm,5,ppb,0.45,2.8,0.4,2.07,0,7.27,27.7,C,5,NTU,NA,Point of collection,0,2.87,safe,https://api.mwater.co/v3/images/9220a6379fb54be68b89f4c17e901b82
06/07/2019,23559769,-15.6509368,35.4812836,"Normal/satisfactory , Significant friction (very stiff) on down stroke",59.511,1,Absent,862,μS / cm,0,ppb,0.3,0.2,0.4,0.42,0,7.35,28.9,C,5,NTU,NA,Point of collection,0,2.87,safe,https://api.mwater.co/v3/images/ee9ecf4ea0d0438aa62372387325a40e
03/07/2019,3997921,-15.64255849,35.52034148,Normal/satisfactory ,49.1,1,Absent,1071,μS / cm,5,ppb,3,1.5,0.4,0.51,0,7.5,25.8,C,5,NTU,NA,Point of collection,0,2.87,safe,https://api.mwater.co/v3/images/473375a8f5954467a518d82214b2dbb9
27/06/2019,23559783,-15.6400631,35.4835033,"Normal/satisfactory , Significant friction (very stiff) at all times",57.69,1,Absent,881,μS / cm,0,ppb,0.3,0.2,0,0.43,0,7.1,27.4,C,5,NTU,NA,Point of collection,0,2.87,safe,https://api.mwater.co/v3/images/225b6e99382a44f095b726f659363575
04/07/2019,56496545,-15.63734567,35.52390585,Normal/satisfactory ,61.762,1,Absent,2667,μS / cm,5,ppb,0,0.2,0.45,1.38,0,7.01,25.4,C,5,NTU,NA,Point of collection,0,2.87,safe,https://api.mwater.co/v3/images/1dfbb8b775b8490c8587783f28559855
05/07/2019,23828522,-15.6304037,35.490546,"Normal/satisfactory , Significant friction (very stiff) on down stroke",53.51,1,Absent,1330,μS / cm,0,ppb,0.4,1.67,0.15,0.63,0.18,7.3,26.3,C,5,NTU,NA,Point of collection,0,2.87,safe,https://api.mwater.co/v3/images/05941f7f4bd74ed1a47560e935d68d07
03/07/2019,55328070,-15.6295152,35.5136429,"Normal/satisfactory , Significant friction (very stiff) on down stroke, Very light",56.902,1,Absent,9.16,μS / cm,5,ppb,0.1,0.6,0.35,5.18,0.15,7.04,29.1,C,5,NTU,NA,Point of collection,0,2.87,safe,https://api.mwater.co/v3/images/aefda4ac07ff4e639649f68f9158b245
25/06/2019,55328063,-15.62840574,35.51307161,"Normal/satisfactory , Significant friction (very stiff) on down stroke",51.481,1,Present,604,μS / cm,5,ppb,2,0.4,0.6,0.31,0,7.5,29.4,C,5,NTU,NA,Point of collection,0,2.87,safe,https://api.mwater.co/v3/images/45644b9788d24d4fa49928134af9b883
14/12/2019,447052,-15.6257345,35.5103908,Normal/satisfactory ,47.323,3,Absent,3330,μS / cm,0,ppb,0.1,1.6,0.6,1.56,0,6.7,34.1,C,5,NTU,The BH was not chlorinated as the water from it are not used for consumption. The community reported that the water is too salty to be consumed,Point of collection,48.3,351.91,probably_unsafe,https://api.mwater.co/v3/images/ead5af72167a4547be837286ef18df76
05/07/2019,447052,-15.6256511,35.5104419,Normal/satisfactory ,70.04,1,Absent,5740,μS / cm,5,ppb,0.2,1.6,0.6,2.79,0,7.06,25.2,C,5,NTU,NA,Point of collection,0,2.87,safe,https://api.mwater.co/v3/images/5d6f60f749f6499098680d27094e3d59
27/02/2020,55357623,-15.6251149,35.5303968,Normal/satisfactory ,61.525,1,Absent,1611,μS / cm,0,ppb,0.15,0,1,0.84,0.4,7.2,32.1,C,5,NTU,NA,Point of collection,0,2.87,safe,https://api.mwater.co/v3/images/94add73adb3f4c3ab7b2a36833e77c6f
05/07/2019,37187523,-15.6245766,35.5162472,"Normal/satisfactory , Significant friction (very stiff) on down stroke",51.623,1,Absent,6,μS / cm,5,ppb,0.15,0.8,0.4,3.02,0,6,31.5,C,5,NTU,NA,Point of collection,0,2.87,safe,NA
26/06/2019,55328094,-15.6242488,35.4946993,"Normal/satisfactory , Significant friction (very stiff) on down stroke",55.487,1,Absent,738,μS / cm,0,ppb,0.1,1,0.1,0.39,0,7.5,26.1,C,5,NTU,NA,Point of collection,0,2.87,safe,https://api.mwater.co/v3/images/7aae3d30b54b429ba14b79df46ce0939
27/02/2020,23828553,-15.6169273,35.4984625,Normal/satisfactory ,47.133,1,Absent,0.23,μS / cm,0,ppb,0.2,0.2,0.4,0.24,0.31,6.8,29.7,C,50,NTU,NA,Point of collection,0,2.87,safe,https://api.mwater.co/v3/images/5525fdf551cc47d480162d8747d005a9
14/12/2019,23828553,-15.6169133,35.4983783,Normal/satisfactory ,47.101,3,Absent,520,μS / cm,0,ppb,0.4,0.6,0.2,0.25,0.4,7.6,30,C,5,NTU,NA,Point of collection,0,2.87,safe,https://api.mwater.co/v3/images/f92419e9939c4cc5b35a7aac5e16e811
04/07/2019,23828584,-15.6134368,35.5072407,"Normal/satisfactory , Significant friction (very stiff) on down stroke",51.832,1,Absent,906,μS / cm,5,ppb,0,1.6,0,0.45,0,7.27,27.6,C,5,NTU,NA,Point of collection,0,2.87,safe,https://api.mwater.co/v3/images/3de6b8a258b143cba8755c241d3fd169
